{"cameraMode":{"drawMode":0,"name":"Shaded","section":"Shading Mode"},"sceneLighting":true,"audioPlay":false,"sceneViewState":{"showFog":true,"showMaterialUpdate":false,"showSkybox":true,"showFlares":true,"showImageEffects":true,"showParticleSystems":true},"in2DMode":false,"pivot":{"x":75.45795440673828,"y":-36.46409606933594,"z":14.902381896972657},"rotation":{"x":-0.26011282205581667,"y":-0.5447245836257935,"z":0.1825731098651886,"w":-0.7760692834854126},"size":173.12228393554688,"orthographic":false}