{"cameraMode":{"drawMode":0,"name":"Shaded","section":"Shading Mode"},"sceneLighting":false,"audioPlay":false,"sceneViewState":{"showFog":true,"showMaterialUpdate":false,"showSkybox":true,"showFlares":true,"showImageEffects":true,"showParticleSystems":true},"in2DMode":false,"pivot":{"x":14.264127731323243,"y":-94.625,"z":4.1148905754089359},"rotation":{"x":-0.26011282205581667,"y":-0.5447245836257935,"z":0.1825731098651886,"w":-0.7760692834854126},"size":2.8578836917877199,"orthographic":false}