{"cameraMode":{"drawMode":0,"name":"Shaded","section":"Shading Mode"},"sceneLighting":false,"audioPlay":false,"sceneViewState":{"showFog":true,"showMaterialUpdate":false,"showSkybox":true,"showFlares":true,"showImageEffects":true,"showParticleSystems":true},"in2DMode":false,"pivot":{"x":3.1855950355529787,"y":17.36732292175293,"z":7.879877090454102},"rotation":{"x":-0.26011282205581667,"y":-0.5447245836257935,"z":0.1825731098651886,"w":-0.7760692834854126},"size":20.35526466369629,"orthographic":false}