{"cameraMode":{"drawMode":0,"name":"Shaded","section":"Shading Mode"},"sceneLighting":false,"audioPlay":false,"sceneViewState":{"showFog":true,"showMaterialUpdate":false,"showSkybox":true,"showFlares":true,"showImageEffects":true,"showParticleSystems":true},"in2DMode":false,"pivot":{"x":5.306510925292969,"y":-65.1978759765625,"z":20.28941535949707},"rotation":{"x":-0.26011282205581667,"y":-0.5447245836257935,"z":0.1825731098651886,"w":-0.7760692834854126},"size":344.18707275390627,"orthographic":false}